{"originalId":"05babeef-fb44-4bb4-bf40-64d2634caaee","title":"Learning to tour","tours":[{"type":"walking","id":"f897be7f-1aab-4a16-b4d5-c76a8dca94e0","title":"Bartl","desc":"my street","gallery":[],"route":[{"type":"stop","id":"135c7179-0793-47b6-a901-66bcdc45463a","title":"My house","desc":"My house","lat":48.14125644136766,"lng":-122.46853037750446,"trigger_radius":30,"transcript":"This is where I live","gallery":[],"control":"path","links":{}},{"type":"stop","id":"75a20715-40fa-4c91-b945-93650bc4e486","title":"The gas station","desc":"Elger Bay Gas Station and diner","lat":48.13866954416011,"lng":-122.46776842212739,"trigger_radius":30,"transcript":"This is the gas station and diner","gallery":[],"control":"path","links":{}},{"type":"stop","id":"e1163eb5-8bb2-494a-9c9c-79b8b99e2a43","title":"The corner of Bartl and Mountainview","desc":"lovely hedges where the dog loves to poo","lat":48.13846620699488,"lng":-122.46924114816059,"trigger_radius":30,"transcript":"Hedges at the corner, watch for poo","gallery":[],"control":"path","links":{}}],"pois":[],"path":"{qydHhsnjVdOwCf@dH","links":{}}],"assets":{},"createDate":"2026-01-30T20:27:48.165Z","modifyDate":"2026-01-30T20:35:15.257Z"}